PENALTY_MULTIPLIER,PENALTY_A,GROUND_ENERGY,GROUND_ROUTE_COST_KM,GROUND_VIOLATION,GROUND_IS_FEASIBLE
0.25,22.921675,91.6867,0.0,4.0,False
0.5,45.84335,167.11200000000002,75.42530000000001,2.0,False
0.75,68.76502500000001,176.2848,176.2848,0.0,True
1.0,91.6867,176.2848,176.2848,0.0,True
1.5,137.53005000000002,176.2848,176.2848,0.0,True
2.0,183.3734,176.2848,176.2848,0.0,True
2.5,229.21675,176.2848,176.2848,0.0,True
3.0,275.06010000000003,176.2848,176.2848,0.0,True
